entry_date,exit_date,expiration,cheap_contract,rich_contract,spot,alpha,beta,rho,nu,fit_rmse,cheap_market_iv,cheap_model_iv,rich_market_iv,rich_model_iv,rich_quantity,gross_premium,mid_pnl,crossed_pnl,mid_return,crossed_return
2022-07-01,2022-07-05,2022-08-05,SPXW220805C03750000,SPXW220805C04400000,3825.33,0.2480726901,1,-0.6691146958,2.122374942,0.0009440037432,0.261491,0.2631678252,0.20419,0.2027075549,10.50297332,17530.3568,-19.57180624,-330.8589727,-0.001116452247,-0.01887348766
2022-07-05,2022-07-06,2022-08-05,SPXW220805C03740000,SPXW220805C03880000,3831.39,0.2565000439,1,-0.6939149171,2.235433881,0.001043390201,0.273089,0.2752391588,0.247956,0.2465183879,0.9575610883,25196.63025,159.6987767,37.24511136,0.006338100575,0.001478178272
2022-07-06,2022-07-07,2022-08-05,SPXW220805C03730000,SPXW220805C03885000,3845.08,0.2497588089,1,-0.6920465957,2.174040949,0.001053492402,0.272382,0.2744753813,0.24461,0.2432684453,0.9109168548,27007.56172,-195.9254366,-400.5804479,-0.007254465939,-0.01483215894
2022-07-07,2022-07-08,2022-08-05,SPXW220805C03700000,SPXW220805C04400000,3902.62,0.2392788058,1,-0.6790585059,2.192477401,0.001165035365,0.277057,0.2807889501,0.195,0.192244707,8.137915975,25295.51555,205.8432961,-161.2254435,0.008137541049,-0.006373676916
2022-07-08,2022-07-11,2022-08-05,SPXW220805C03700000,SPXW220805C03875000,3899.38,0.2273193393,1,-0.6750842842,2.220930428,0.000738325402,0.26722,0.2701145807,0.234791,0.2336335674,0.7577936749,32872.36107,-1.38620151,-298.0648536,-4.216921039e-05,-0.009067339367
2022-07-11,2022-07-12,2022-08-19,SPXW220819C03520000,SPXW220819C03830000,3854.43,0.2382934518,1,-0.6925425737,2.007351861,0.001967600663,0.295059,0.3052557265,0.246444,0.2440816937,0.6095832084,45622.11076,-233.0961605,-545.5274049,-0.005109280492,-0.01195752226
2022-07-12,2022-07-13,2022-08-19,SPXW220819C03700000,SPXW220819C03900000,3818.8,0.2471873872,1,-0.7137699279,2.306704188,0.0008665982517,0.269542,0.273908066,0.23173,0.2305026815,0.9477935129,27302.56875,-144.528325,-242.1790331,-0.005293579748,-0.008870192226
2022-07-13,2022-07-14,2022-08-19,SPXW220819C03700000,SPXW220819C04360000,3801.78,0.2453564151,1,-0.701496763,2.307664247,0.0006939276435,0.263617,0.2675990544,0.196869,0.1954910366,9.819885522,19297.48569,20.06073217,-133.138123,0.001039551603,-0.006899247144
2022-07-14,2022-07-15,2022-08-19,SPXW220819C03650000,SPXW220819C04325000,3790.38,0.2398763387,1,-0.681540124,2.254914627,0.001516439951,0.266301,0.2716292645,0.196179,0.1942231382,7.899108695,22069.8663,263.943527,-45.04755996,0.01195945292,-0.002041134248
2022-07-15,2022-07-18,2022-08-19,SPXW220819C03680000,SPXW220819C04400000,3863.16,0.2210752057,1,-0.6683042366,2.328274343,0.001162834495,0.256563,0.2619846326,0.188143,0.1849356532,9.300968289,24126.60167,74.99906823,-421.2630354,0.003108563289,-0.01746052101
2022-07-18,2022-07-19,2022-08-19,SPXW220819C03700000,SPXW220819C04350000,3830.85,0.2334381508,1,-0.6898569775,2.509332444,0.0009526832027,0.261052,0.2662516096,0.193008,0.1902635737,9.583351774,20504.1687,378.1246071,-170.6256695,0.01844135272,-0.008321511203
2022-07-19,2022-07-20,2022-08-26,SPXW220826C04200000,SPXW220826C04100000,3936.69,0.2268305202,1,-0.6486463197,2.346350054,0.0001109025704,0.191384,0.1916820907,0.202161,0.2020311925,0.7148258735,5081.640808,23.03803911,-73.42564266,0.004533582751,-0.01444919966
2022-07-20,2022-07-21,2022-08-26,SPXW220826C03875000,SPXW220826C03930000,3959.9,0.2223670094,1,-0.6179061997,2.21627727,6.483844488e-05,0.240964,0.2410889305,0.230939,0.2307879098,0.9567394635,29717.68814,-44.82674482,-186.7985073,-0.001508419653,-0.006285768475
2022-07-21,2022-07-22,2022-08-26,SPXW220826C04000000,SPXW220826C03900000,3998.95,0.2105815695,1,-0.578212303,2.243111721,0.0001527028154,0.212949,0.2131953121,0.231039,0.2308296358,1.073946219,28764.12787,108.0408332,-42.87486434,0.003756096261,-0.001490567158
2022-07-22,2022-07-25,2022-08-26,SPXW220826C04000000,SPXW220826C03900000,3961.63,0.2117336306,1,-0.5914160285,2.229367822,8.926071616e-05,0.207569,0.2076970826,0.224893,0.2247442744,1.023701412,22709.18991,-155.5566827,-297.3342886,-0.006849944155,-0.01309312616
2022-07-25,2022-07-26,2022-08-31,SPXW220831C03640000,SPXW220831C03800000,3966.84,0.2109825508,1,-0.6306408561,1.991371347,0.0008742361656,0.270088,0.2720751382,0.244467,0.2421370375,0.6868211626,51297.81722,180.4386176,-829.1812335,0.003517471646,-0.01616406464
2022-07-26,2022-07-27,2022-08-31,SPXW220831C04350000,SPXW220831C04475000,3921.05,0.2238166917,1,-0.6736164829,2.200298774,0.0001989510474,0.180184,0.1804793522,0.184276,0.1836911782,2.44219718,596.4307039,38.93633578,-34.90760782,0.06528224575,-0.05852751642
2022-07-27,2022-07-28,2022-08-31,SPXW220831C04400000,SPXW220831C04550000,4023.61,0.2059310034,1,-0.6172266384,2.216391308,0.0002400889888,0.174321,0.1747644344,0.181376,0.1808086846,2.789553774,714.8770307,107.576396,28.75920497,0.1504823786,0.04022958317
2022-07-28,2022-07-29,2022-08-31,SPXW220831C04500000,SPXW220831C03875000,4072.43,0.1942842877,1,-0.5780604572,2.137016047,0.0004107008458,0.170249,0.1709278053,0.233749,0.2326774944,0.2452118516,6295.985489,65.63919826,-89.32308307,0.01042556378,-0.01418730765
2022-07-29,2022-08-01,2022-09-02,SPXW220902C04150000,SPXW220902C04000000,4130.29,0.1905136475,1,-0.5936472045,1.957697355,0.0005224281468,0.189191,0.1897753796,0.21362,0.2125828403,1.145945233,30048.01379,-122.3454388,-628.5343533,-0.004071664758,-0.02091766723
2022-08-01,2022-08-02,2022-08-31,SPXW220831C03800000,SPXW220831C03950000,4118.63,0.1986619823,1,-0.6321288911,2.245838949,0.0003599077855,0.261823,0.2627529452,0.233287,0.2322908856,0.6696395139,48313.27705,-136.7211116,-774.3539536,-0.002829886937,-0.01602776712
2022-08-02,2022-08-03,2022-09-02,SPXW220902C04330000,SPXW220902C04100000,4091.19,0.2144902702,1,-0.688086059,2.384478058,3.666281992e-05,0.177329,0.177380113,0.213441,0.2133748484,0.5587491979,6858.548522,68.7014419,2.97023601,0.01001690688,0.0004330706417
2022-08-03,2022-08-04,2022-09-09,SPXW220909C04600000,SPXW220909C04500000,4155.17,0.1924583674,1,-0.6407293685,2.057808853,0.0004325263499,0.15996,0.1606664222,0.160858,0.1601319531,0.460305802,440.4697201,-4.661729832,-38.47090389,-0.01058354211,-0.08734063237
2022-08-04,2022-08-05,2022-09-02,SPXW220902C04400000,SPXW220902C04025000,4151.94,0.1897671515,1,-0.6156681345,2.32909719,0.0001430571684,0.162364,0.1625919052,0.216235,0.2160192063,0.5432863474,10577.58619,179.6673169,3.412866565,0.01698566324,0.0003226507923
2022-08-05,2022-08-08,2022-09-02,SPXW220902C04450000,SPXW220902C04025000,4145.19,0.1862137877,1,-0.6546853313,2.369572163,0.0002721123546,0.152325,0.1530459227,0.211162,0.2107101766,0.2755684823,4840.189583,-34.52566627,-128.6734717,-0.007133122716,-0.02658438672
2022-08-08,2022-08-09,2022-09-09,SPXW220909C04500000,SPXW220909C04400000,4140.06,0.1855296407,1,-0.6499108399,2.250827894,0.0001340250616,0.152952,0.1531347291,0.155234,0.1549962821,0.4501346985,651.6171877,-4.617341023,-31.12003499,-0.00708597181,-0.04775815552
2022-08-09,2022-08-10,2022-09-16,SPXW220916C04530000,SPXW220916C03970000,4122.47,0.1968705505,1,-0.6797849347,2.089172083,0.0002706368522,0.156876,0.1578643999,0.227314,0.22664336,0.2285224899,5161.669934,127.8248604,45.84027604,0.02476424529,0.008880900295
2022-08-10,2022-08-11,2022-09-16,SPXW220916C04650000,SPXW220916C04000000,4210.24,0.1777620855,1,-0.6020371366,2.076361562,0.0005154959,0.153653,0.1547248537,0.216296,0.2146724739,0.1771351143,4518.981108,-165.3851484,-235.6110873,-0.03659788445,-0.05213809963
2022-08-11,2022-08-12,2022-09-16,SPXW220916C04670000,SPXW220916C03750000,4207.27,0.1794944127,1,-0.6377511792,2.066995879,0.0007543002931,0.148874,0.1513235294,0.267555,0.264719075,0.2701820507,13004.84201,231.5773856,104.250014,0.0178070126,0.008016246095
2022-08-12,2022-08-15,2022-09-16,SPXW220916C04700000,SPXW220916C04000000,4280.15,0.1729118461,1,-0.6019205554,1.980172894,0.000671767245,0.148009,0.1490824519,0.221673,0.2190934039,0.2150294446,6658.215847,-33.25403628,-123.1646363,-0.004994436504,-0.01849814412
2022-08-15,2022-08-16,2022-09-16,SPXW220916C04640000,SPXW220916C04000000,4297.14,0.1761192541,1,-0.6161024733,1.90511257,0.0004921436834,0.148298,0.1491249375,0.225068,0.2234865465,0.4194353415,13609.80879,11.00213356,-146.6058825,0.0008083973644,-0.01077207511
2022-08-16,2022-08-17,2022-09-23,SPXW220923C04350000,SPXW220923C04500000,4305.2,0.1830783862,1,-0.6587183521,1.828366909,0.0002181862208,0.177527,0.1778078182,0.160906,0.1605581007,1.388923498,11289.25336,159.7798144,44.22287451,0.01415326677,0.003917254144
2022-08-17,2022-08-18,2022-09-23,SPXW220923C04550000,SPXW220923C04410000,4274.04,0.1894707796,1,-0.7070286533,1.852160935,6.343661549e-05,0.155674,0.1558218237,0.171077,0.1710015513,0.5505777274,3505.237117,32.35919282,-25.16969356,0.009231670138,-0.007180596552
2022-08-18,2022-08-19,2022-09-16,SPXW220916C03950000,SPXW220916C04670000,4283.74,0.1716332925,1,-0.6532718568,2.036935225,0.0003256600623,0.229706,0.2308889877,0.142165,0.1409904436,4.037503374,35373.93785,-252.8902639,-648.2652976,-0.007149056035,-0.01832607103
2022-08-19,2022-08-22,2022-09-23,SPXW220923C04050000,SPXW220923C04150000,4228.48,0.1906317249,1,-0.7300882715,1.904589735,0.0004029740038,0.220657,0.221555727,0.204736,0.2042009626,0.8429129762,35294.05876,69.79481856,-122.3508303,0.001977523158,-0.003466612641
2022-08-22,2022-08-23,2022-09-23,SPXW220923C04050000,SPXW220923C04600000,4137.99,0.2155666574,1,-0.7457579722,2.009941302,0.0005606995718,0.231222,0.2327006127,0.162286,0.1612534366,9.255676456,17596.2636,-571.7947448,-747.4907005,-0.03249523636,-0.04248008086
2022-08-23,2022-08-24,2022-09-30,SPXW220930C03950000,SPXW220930C04640000,4128.73,0.2172992363,1,-0.7470017636,1.845869642,0.0005046660038,0.245456,0.2477033768,0.162869,0.1620145671,9.143090096,24667.88219,160.5798521,-231.5664993,0.006509673222,-0.009387368465
2022-08-24,2022-08-25,2022-09-30,SPXW220930C03800000,SPXW220930C04625000,4140.77,0.2064555125,1,-0.7364856343,1.822378439,0.0008490805077,0.26327,0.265419588,0.157619,0.1560621384,5.605328773,37789.61281,-417.4625297,-802.5291394,-0.01104701792,-0.02123676534
2022-08-25,2022-08-26,2022-09-30,SPXW220930C04005000,SPXW220930C04625000,4199.12,0.1963131982,1,-0.7165428557,1.807600319,0.0004703914872,0.226435,0.2277164982,0.153353,0.1523683578,5.556866242,24771.34376,367.869858,139.5168644,0.01485062182,0.005632187973
2022-08-26,2022-08-29,2022-09-30,SPXW220930C03800000,SPXW220930C04550000,4057.66,0.2280080297,1,-0.7501888451,1.850374828,0.0007406525069,0.271256,0.2732298379,0.172582,0.1701815805,6.640992694,30719.93153,-229.0769423,-653.6918327,-0.007456948336,-0.02127907844
2022-08-29,2022-08-30,2022-09-30,SPXW220930C03850000,SPXW220930C04550000,4030.61,0.2346287959,1,-0.7141108748,2.013031178,0.000644559914,0.265917,0.2687613735,0.182292,0.1812530254,9.348918989,24548.2642,-308.4260033,-695.2874906,-0.01256406566,-0.02832328531
2022-08-30,2022-08-31,2022-10-07,SPXW221007C04500000,SPXW221007C04450000,3986.16,0.2375401945,1,-0.7297118423,2.04207359,0.0001245853633,0.180113,0.1803018065,0.181341,0.1810613672,0.671867291,372.3805191,8.537208863,-19.90013696,0.02292603513,-0.05344032767
2022-08-31,2022-09-01,2022-10-07,SPXW221007C04440000,SPXW221007C04450000,3955,0.2362922713,1,-0.7100433962,2.323211829,5.87839502e-05,0.183825,0.1839271231,0.184203,0.1841178974,1.068721588,469.9469454,-0.7641119438,-31.79493576,-0.001625953634,-0.0676564367
2022-09-01,2022-09-02,2022-10-07,SPXW221007C03910000,SPXW221007C04045000,3966.85,0.2254054267,1,-0.6648130726,2.215145279,0.0002881104643,0.237683,0.2382616724,0.213905,0.2134105605,0.9997417749,22383.08655,56.58472033,-63.39978616,0.002528012399,-0.002832486307
2022-09-02,2022-09-06,2022-10-07,SPXW221007C03910000,SPXW221007C03980000,3924.26,0.2296803837,1,-0.6711054315,2.273756652,0.0002606976126,0.234921,0.2354397245,0.222507,0.2219882504,1.002334988,21255.2677,-95.77662778,-215.9050521,-0.004506018421,-0.01015771973
2022-09-06,2022-09-07,2022-10-14,SPXW221014C04500000,SPXW221014C04400000,3908.19,0.2416926466,1,-0.6645960169,2.170660648,0.0008087219516,0.198279,0.1998534264,0.197992,0.1967643207,0.4999311069,299.9769208,5.236636672,-24.76129653,0.01745679853,-0.08254400528
2022-09-07,2022-09-08,2022-10-14,SPXW221014C04500000,SPXW221014C04400000,3979.87,0.2228081071,1,-0.6239465353,2.169638093,0.0002907544337,0.190013,0.1905977093,0.188423,0.1878391004,0.5225870504,461.1805899,-15.02166256,-43.08633882,-0.03257219164,-0.09342617568
2022-09-08,2022-09-09,2022-10-14,SPXW221014C03975000,SPXW221014C04050000,4006.18,0.2129115433,1,-0.5938268057,2.124709511,0.0001001148334,0.221378,0.2215682454,0.209803,0.2096494189,0.9900917671,21872.16352,-97.13440876,-226.4903736,-0.00444100597,-0.01035518839
2022-09-09,2022-09-12,2022-10-14,SPXW221014C04500000,SPXW221014C04350000,4067.36,0.2063051285,1,-0.5912121622,1.94676628,0.0003487628965,0.177299,0.1779812005,0.180727,0.1801259963,0.384287672,809.759727,-34.23546902,-65.18553754,-0.04227855236,-0.0804998512
2022-09-12,2022-09-13,2022-10-14,SPXW221014C04425000,SPXW221014C04350000,4110.41,0.2132373998,1,-0.5556778932,1.899794693,0.0001039873708,0.189016,0.1892154008,0.192773,0.1925717519,0.7001151475,2623.748143,-49.29378381,-86.7966625,-0.01878754405,-0.03308117158
2022-09-13,2022-09-14,2022-10-21,SPXW221021C03750000,SPXW221021C03945000,3932.69,0.2381395985,1,-0.6386407041,1.932369378,0.0007888471022,0.270149,0.2725604489,0.240526,0.2394012276,0.8222444449,35339.60467,-124.6666455,-564.8900899,-0.003527675157,-0.01598461825
2022-09-14,2022-09-15,2022-10-21,SPXW221021C03750000,SPXW221021C04410000,3946.01,0.2348986694,1,-0.6427268399,2.005813392,0.0006164033464,0.269809,0.2721937386,0.195435,0.1944178036,3.585559658,27145.07946,79.79200034,-317.9552937,0.002939464608,-0.01171318338
2022-09-15,2022-09-16,2022-10-21,SPXW221021C03750000,SPXW221021C04400000,3901.35,0.2369636951,1,-0.6548248826,2.004500552,0.001010371469,0.262744,0.2677810061,0.195471,0.1940568419,4.86622827,23934.70949,-524.0217293,-752.0151533,-0.02189379945,-0.03141943936
2022-09-16,2022-09-19,2022-10-21,SPXW221021C03760000,SPXW221021C04480000,3873.33,0.2417861692,1,-0.6582458549,2.078875877,0.001421650324,0.260588,0.2657248389,0.202834,0.2003532505,11.27896691,20531.09411,53.93773999,-272.0493464,0.002627124483,-0.0132506015
2022-09-19,2022-09-20,2022-10-21,SPXW221021C03760000,SPXW221021C04475000,3896.84,0.2394906727,1,-0.6285091678,2.071340902,0.001445642322,0.263297,0.267634609,0.205246,0.203006754,9.644454464,21869.11226,79.04470362,-202.399841,0.003614445007,-0.009255055193
2022-09-20,2022-09-21,2022-10-21,SPXW221021C03730000,SPXW221021C04400000,3855.93,0.2539652771,1,-0.6760681881,2.024101627,0.001514654941,0.275188,0.2800377598,0.208084,0.2038501232,7.970561178,21405.58418,-857.3742939,-982.0799056,-0.0400537676,-0.04587961242
2022-09-21,2022-09-22,2022-10-21,SPXW221021C03750000,SPXW221021C04380000,3789.93,0.2661431874,1,-0.6614582888,2.093620807,0.00140825067,0.271502,0.2752399598,0.221732,0.2176606183,11.65628107,15308.05022,-409.2888793,-599.9923928,-0.02673683935,-0.03919456654
2022-09-22,2022-09-23,2022-10-28,SPXW221028C03780000,SPXW221028C03850000,3757.99,0.2555394354,1,-0.6455701509,1.855563403,0.0005447499443,0.253438,0.2543081565,0.24467,0.2437463093,1.030325594,19536.84661,8.726783306,-138.3960083,0.0004466833097,-0.007083845772
2022-09-23,2022-09-26,2022-10-28,SPXW221028C03775000,SPXW221028C04300000,3693.23,0.2718778553,1,-0.6511726805,2.043747498,0.0002762724189,0.259016,0.2594838335,0.225156,0.2246920642,9.420096418,9878.014463,-126.0325753,-394.4345036,-0.01275889762,-0.03993054526
2022-09-26,2022-09-27,2022-10-31,SPXW221031C03600000,SPXW221031C03825000,3655.04,0.2876708888,1,-0.6610039244,2.002624125,0.0009006920896,0.295704,0.2987698923,0.261818,0.2607063864,1.114790343,22354.62503,272.6172813,156.8777641,0.01219511761,0.007017687119
2022-09-27,2022-09-28,2022-10-31,SPXW221031C03600000,SPXW221031C04300000,3647.29,0.2903771583,1,-0.6948849775,2.110277036,0.0009110415995,0.298489,0.3010032319,0.232477,0.2301220433,12.73339596,17225.17309,-115.3828937,-366.3838331,-0.006698504164,-0.02127025553
2022-09-28,2022-09-29,2022-10-31,SPXW221031C03600000,SPXW221031C04340000,3719.04,0.2650941198,1,-0.6258383053,2.22155304,0.001264622757,0.28879,0.2919492699,0.230167,0.2282550231,9.648837274,21128.47094,-241.2126508,-445.9452099,-0.01141647455,-0.02110636454
2022-09-29,2022-09-30,2022-10-31,SPXW221031C03600000,SPXW221031C04270000,3640.47,0.2792455553,1,-0.6749023683,2.329158814,0.001107209492,0.287267,0.2906400461,0.23231,0.2295349682,12.43862236,16084.95879,-566.6894471,-813.2687824,-0.0352310164,-0.05056082474
2022-09-30,2022-10-03,2022-10-31,SPXW221031C03600000,SPXW221031C04210000,3585.62,0.2769089462,1,-0.6619196194,2.428349824,0.001278332569,0.274852,0.278193012,0.235386,0.2328481001,12.5196606,12743.26521,786.7433305,543.9484216,0.06173797041,0.0426851684
2022-10-03,2022-10-04,2022-11-04,SPXW221104C03725000,SPXW221104C04300000,3678.43,0.2711106697,1,-0.6395711367,2.348183792,0.000878382114,0.264659,0.2659140584,0.233009,0.2317862403,10.79145906,11275.91103,363.7108476,55.90301889,0.03225556203,0.004957738558
2022-10-04,2022-10-05,2022-11-04,SPXW221104C03700000,SPXW221104C04400000,3790.93,0.2561235013,1,-0.5780722014,2.418782751,0.001251236052,0.276692,0.2791127862,0.237379,0.2345361903,8.321391003,18979.63647,491.8507455,281.2264029,0.02591465575,0.01481727025
2022-10-05,2022-10-06,2022-11-11,SPXW221111C04200000,SPXW221111C04300000,3783.28,0.2584901334,1,-0.6284262263,1.978110872,0.0007704811739,0.216296,0.217486828,0.217588,0.2163260456,1.696531618,1543.612647,-8.712287604,-72.64291996,-0.005644089286,-0.04706032961
2022-10-06,2022-10-07,2022-11-11,SPXW221111C04200000,SPXW221111C04300000,3744.52,0.275513443,1,-0.6536148364,2.11615334,0.0006253082546,0.225158,0.2262589688,0.227088,0.2261294615,1.718691185,1197.794267,-13.75261996,-68.8297157,-0.01148162112,-0.05746372108
2022-10-07,2022-10-10,2022-11-11,SPXW221111C03450000,SPXW221111C04300000,3639.66,0.2833525224,1,-0.6390735772,1.93988667,0.001888263769,0.31637,0.3198288226,0.240484,0.2366456311,9.185025022,26702.01582,-241.7887937,-829.564169,-0.009055076415,-0.03106747351
2022-10-10,2022-10-11,2022-11-11,SPXW221111C03550000,SPXW221111C04300000,3612.39,0.2959855299,1,-0.6018558777,2.01476401,0.001001601112,0.308271,0.3099441443,0.258369,0.2564891774,11.1506278,18231.70505,-234.6147528,-406.1210308,-0.01286850309,-0.02227553758
2022-10-11,2022-10-12,2022-11-18,SPXW221118C03650000,SPXW221118C04200000,3588.84,0.2994835499,1,-0.6069624025,1.950493279,0.0001792875258,0.29196,0.2925483659,0.25565,0.2552384367,5.407326708,13050.71088,-180.4211919,-343.5677261,-0.01382462561,-0.02632559476
2022-10-12,2022-10-13,2022-11-18,SPXW221118C04050000,SPXW221118C04150000,3577.03,0.3003268676,1,-0.5999342231,1.82495159,0.0001442430558,0.257117,0.2574035001,0.256689,0.2562015593,1.619995009,1662.097729,62.69403116,-12.80584405,0.03771982241,-0.007704627609
2022-10-13,2022-10-14,2022-11-18,SPXW221118C04180000,SPXW221118C04400000,3669.91,0.2862532449,1,-0.5266816596,1.757694812,0.0006749002397,0.254647,0.2560338116,0.264115,0.2608377113,2.79636678,1240.336937,-45.03624361,-111.9817453,-0.0363096851,-0.090283327
2022-10-14,2022-10-17,2022-11-18,SPXW221118C03550000,SPXW221118C04290000,3583.07,0.2878991986,1,-0.5453498045,1.957945397,0.0009070068823,0.294897,0.2973874182,0.265307,0.2625138454,9.224244168,16882.30334,1280.572085,1092.208423,0.07585292477,0.0646954625
2022-10-17,2022-10-18,2022-11-18,SPXW221118C03550000,SPXW221118C04400000,3677.95,0.2861289624,1,-0.5405796887,1.802764081,0.0008187587886,0.306481,0.3084204971,0.262861,0.2582725503,10.61682206,22528.64481,337.5445635,-31.70776746,0.01498290582,-0.001407442291
2022-10-18,2022-10-19,2022-11-18,SPXW221118C03550000,SPXW221118C04450000,3719.98,0.2779544522,1,-0.5006790833,1.894834839,0.001253507508,0.305567,0.3083627648,0.267037,0.2610042166,9.299927896,25653.74009,-1145.092829,-1649.591748,-0.04463648674,-0.06430219306
2022-10-19,2022-10-20,2022-11-18,SPXW221118C03550000,SPXW221118C04400000,3695.16,0.2819337634,1,-0.507720349,2.035041585,0.0009457475588,0.305671,0.3086427276,0.269498,0.2661887606,10.06006308,22732.95836,-17.54762852,-478.298417,-0.0007719025499,-0.02103986685
2022-10-20,2022-10-21,2022-11-18,SPXW221118C03550000,SPXW221118C04360000,3665.78,0.2795936126,1,-0.5312257768,2.008159148,0.001090938774,0.29824,0.3019063799,0.261717,0.2584127787,12.41391725,20406.39172,24.29751794,-454.8416545,0.001190681737,-0.0222891759
2022-10-21,2022-10-24,2022-11-30,SPXW221130C03600000,SPXW221130C04450000,3752.75,0.2636752345,1,-0.4955321935,1.603534561,0.0005630608234,0.283825,0.2851822849,0.244936,0.243397145,6.981570401,24753.30727,160.0343005,-204.6892556,0.006465168421,-0.008269167968
2022-10-24,2022-10-25,2022-11-30,SPXW221130C03600000,SPXW221130C04550000,3797.34,0.2691098238,1,-0.484689825,1.433131827,0.0007539566668,0.290322,0.2921484949,0.249556,0.2478068508,9.459710991,27385.71026,-518.7042914,-1165.599956,-0.01894069157,-0.04256234164
2022-10-25,2022-10-26,2022-11-30,SPXW221130C03515000,SPXW221130C03370000,3859.11,0.2584182588,1,-0.5215365991,1.430874417,0.0005274103142,0.296185,0.2983520545,0.319207,0.3178066412,1.52842081,111696.9986,-1260.340535,-2904.382478,-0.01128356671,-0.02600233234
2022-10-26,2022-10-27,2022-11-30,SPXW221130C03690000,SPXW221130C04380000,3830.6,0.2498691534,1,-0.5493301155,1.424256781,0.0005084470408,0.266484,0.2680391505,0.221702,0.2200584974,4.934734914,23064.76782,-2849.300268,-3393.321292,-0.1235347475,-0.1471214156
2022-10-27,2022-10-28,2022-11-30,SPXW221130C03650000,SPXW221130C04400000,3807.3,0.2521215416,1,-0.5306079647,1.57529365,0.000899595947,0.266652,0.2690340002,0.227968,0.2258113465,9.276477529,20668.70685,2913.737528,2409.590365,0.140973383,0.1165815734
2022-10-31,2022-11-01,2022-11-30,SPXW221130C03800000,SPXW221130C04480000,3871.98,0.2396061098,1,-0.5243299798,1.85347252,0.001269603671,0.248846,0.2523849645,0.221958,0.2191945174,11.45971788,16506.91967,-429.5337167,-646.4294849,-0.02602143375,-0.03916112138
2022-11-01,2022-11-02,2022-12-02,SPXW221202C03650000,SPXW221202C03850000,3856.1,0.2433752759,1,-0.5921398266,1.238019023,0.0008712379556,0.264064,0.2652140311,0.246017,0.2444498879,0.7516651944,33257.70824,-109.9019319,-621.2435176,-0.003304555177,-0.01867968512
2022-11-02,2022-11-03,2022-12-02,SPXW221202C04100000,SPXW221202C04200000,3759.69,0.2457182049,1,-0.5736851458,1.297940353,0.0005643787956,0.21905,0.2202213916,0.217179,0.2160510683,1.852112766,1644.542287,-39.05910297,-100.7316402,-0.02375074407,-0.06125208272
2022-11-03,2022-11-04,2022-12-02,SPXW221202C03650000,SPXW221202C04200000,3719.89,0.2424058053,1,-0.5157948042,1.330013337,0.00096003279,0.248789,0.250343835,0.219757,0.2175354087,5.98540424,15711.53351,532.6760171,162.9679323,0.0339035026,0.01037250325
2022-11-04,2022-11-07,2022-12-02,SPXW221202C03600000,SPXW221202C04250000,3770.55,0.2355724755,1,-0.5571901276,1.177880231,0.001059399885,0.250985,0.2526037194,0.210634,0.2083099211,5.714288888,22277.85772,121.3185843,-389.395749,0.005445702448,-0.0174790482
2022-11-07,2022-11-08,2022-12-09,SPXW221209C03975000,SPXW221209C04100000,3806.8,0.2318225085,1,-0.6399447694,1.005750292,0.0002320496438,0.218512,0.2189642343,0.210762,0.210462569,1.572294873,6310.580835,5.796761859,-79.2335587,0.00091857818,-0.01255566813
2022-11-08,2022-11-09,2022-12-16,SPXW221216C04300000,SPXW221216C04475000,3828.11,0.2510109031,1,-0.5891469172,1.32258602,0.0004459738988,0.21772,0.2184797374,0.217631,0.2152412983,2.952225821,971.1699213,-35.38528158,-99.66866889,-0.03643572644,-0.1026274257
2022-11-09,2022-11-10,2022-12-16,SPXW221216C04200000,SPXW221216C04400000,3748.57,0.2550949308,1,-0.5776750006,1.353659491,0.0006496481755,0.222657,0.2238631244,0.223163,0.2203547765,3.356230626,1144.700558,368.1026495,279.3686135,0.3215711279,0.2440538808
2022-11-10,2022-11-11,2022-12-16,SPXW221216C04400000,SPXW221216C04580000,3956.37,0.2344112183,1,-0.5207194686,1.385807859,0.0008048760953,0.209018,0.2107745454,0.211863,0.2099416966,2.913638541,1104.329877,-90.52969891,-154.234277,-0.08197704396,-0.1396632294
2022-11-11,2022-11-14,2022-12-16,SPXW221216C03700000,SPXW221216C04625000,3992.93,0.2179242562,1,-0.5188900521,1.765210474,0.001068226645,0.259572,0.2614300658,0.206535,0.2018698033,7.487078606,33279.86095,598.44693,126.1407509,0.01798225452,0.003790302822
2022-11-14,2022-11-15,2022-12-16,SPXW221216C03650000,SPXW221216C04550000,3957.25,0.2226092966,1,-0.54444841,1.838878208,0.001161055357,0.270626,0.2733055595,0.205256,0.200953293,6.168058112,35164.32668,-231.2442285,-673.3449549,-0.006576102838,-0.01914852404
2022-11-15,2022-11-16,2022-12-23,SPXW221223C04400000,SPXW221223C04600000,3991.73,0.2200853572,1,-0.5778837702,1.903431845,0.0008831078715,0.189685,0.1914149615,0.196784,0.1956635804,3.241216559,1143.770318,-44.74049852,-144.5648297,-0.03911668086,-0.1263932342
2022-11-16,2022-11-17,2022-12-23,SPXW221223C04250000,SPXW221223C04400000,3961.78,0.2200495516,1,-0.6128429174,1.635715329,0.0004796621431,0.192924,0.1935430843,0.187741,0.1869550254,2.3027296,2807.741968,-31.22727564,-128.7955156,-0.01112184666,-0.04587156409
2022-11-17,2022-11-18,2022-12-23,SPXW221223C04250000,SPXW221223C04400000,3944.89,0.2202228462,1,-0.6283027951,1.489332881,0.000924174232,0.191638,0.1930047301,0.187706,0.1857525628,2.437935937,2327.656937,-49.32375148,-133.0824702,-0.02119030115,-0.05717443498
2022-11-18,2022-11-21,2022-12-23,SPXW221223C04250000,SPXW221223C04400000,3965.34,0.2136382505,1,-0.635225367,1.53824307,0.001272440793,0.184712,0.1864723518,0.181667,0.1790628377,2.551553234,2181.497035,-110.7531408,-180.4053224,-0.05076932903,-0.08269794525
2022-11-21,2022-11-22,2022-12-23,SPXW221223C03800000,SPXW221223C04400000,3949.94,0.2065506164,1,-0.5936384159,1.791436596,0.001662315095,0.229117,0.2317265405,0.180215,0.1772703345,5.285704499,21571.78368,152.3284205,-246.957147,0.007061466158,-0.0114481561
2022-11-22,2022-11-23,2022-12-30,SPXW221230C03750000,SPXW221230C04500000,4003.58,0.1911903973,1,-0.6258287529,1.648209692,0.001502689153,0.22664,0.2300988388,0.166136,0.1602966346,5.609515703,29896.30841,460.6993187,78.62795089,0.01540990655,0.002630022069
2022-11-23,2022-11-25,2022-12-30,SPXW221230C03725000,SPXW221230C04500000,4027.26,0.1838046636,1,-0.6538057909,1.732494331,0.00135552369,0.230156,0.233693581,0.156218,0.1506862363,5.069632493,33973.00774,26.61481233,-1614.429675,0.0007834105398,-0.04752095215
2022-11-25,2022-11-28,2022-12-30,SPXW221230C03590000,SPXW221230C03475000,4026.12,0.1828948705,1,-0.6638136803,1.756840837,0.001274754565,0.253216,0.2565348172,0.279383,0.2762979178,1.489803878,130514.9426,179.215606,-3893.249015,0.001373142434,-0.02982991017
2022-11-28,2022-11-29,2022-12-30,SPXW221230C03700000,SPXW221230C04400000,3963.94,0.2027881437,1,-0.7192072204,1.663730605,0.001898455777,0.243151,0.2467612963,0.164421,0.1579413638,4.788954235,30545.45359,-465.5011442,-838.3906865,-0.01523962127,-0.027447315
2022-11-29,2022-11-30,2023-01-06,SPXW230106C03850000,SPXW230106C04400000,3957.63,0.2012637595,1,-0.7001798963,1.652742993,0.0009706093221,0.217577,0.2195337458,0.160615,0.1591273932,6.043730806,19108.41818,-561.6766087,-1157.660552,-0.02939419702,-0.06058379825
2022-11-30,2022-12-01,2023-01-06,SPXW230106C04400000,SPXW230106C04600000,4080.11,0.1868183254,1,-0.5911919422,1.720120126,0.001357938807,0.15946,0.1623455874,0.16396,0.1619877187,4.289970172,1204.721943,-42.53761164,-131.8871642,-0.0353090702,-0.1094751905
2022-12-01,2022-12-02,2023-01-06,SPXW230106C03900000,SPXW230106C04500000,4076.57,0.1830672011,1,-0.5829497112,1.747068028,0.0006342325568,0.209179,0.2105983025,0.159535,0.1585064227,4.54725041,23333.13134,-199.3605559,-710.3055641,-0.008544097788,-0.03044193056
2022-12-02,2022-12-05,2023-01-06,SPXW230106C03900000,SPXW230106C04500000,4071.7,0.1763841513,1,-0.6162862758,1.776188789,0.001194539355,0.201791,0.2041023087,0.151547,0.1492191926,6.294955729,22239.81902,-54.73097769,-504.8927029,-0.002460945281,-0.02270219476
2022-12-05,2022-12-06,2023-01-06,SPXW230106C03900000,SPXW230106C04400000,3998.82,0.1900220703,1,-0.6464962023,1.939069802,0.001258518681,0.207085,0.2093742466,0.158882,0.1567742768,5.867366379,17240.79436,-197.506058,-495.1849696,-0.01145574002,-0.02872170267
2022-12-06,2022-12-07,2023-01-06,SPXW230106C03850000,SPXW230106C04400000,3941.26,0.2047854908,1,-0.6345614675,2.126645383,0.001638302501,0.220801,0.2248385671,0.174738,0.172012557,7.88384698,16989.31934,-43.68364325,-246.6509654,-0.002571241517,-0.0145180016
2022-12-07,2022-12-08,2023-01-06,SPXW230106C03900000,SPXW230106C04400000,3933.92,0.2116636392,1,-0.6588907441,2.247699779,0.001380698819,0.218477,0.2213969215,0.177155,0.1744446949,9.41489307,13231.24994,0.7001280069,-205.523268,5.291472917e-05,-0.01553317102
2022-12-08,2022-12-09,2023-01-06,SPXW230106C03800000,SPXW230106C04350000,3963.51,0.2026233491,1,-0.6344557434,1.878574156,0.001678209328,0.228455,0.2318251733,0.172533,0.1689941503,4.133610875,21958.06869,-202.7529417,-569.7571048,-0.009233641834,-0.02594750535
2022-12-09,2022-12-12,2023-01-13,SPXW230113C04300000,SPXW230113C04500000,3934.38,0.2211908637,1,-0.6463977112,2.187199193,0.0007722124922,0.18206,0.1833126422,0.188234,0.1871979608,3.858900207,1060.184522,57.95138094,-44.57937268,0.05466159876,-0.04204869225
2022-12-12,2022-12-13,2023-01-13,SPXW230113C04020000,SPXW230113C04500000,3990.56,0.2317534445,1,-0.5935881603,2.176601574,0.0005693448955,0.229609,0.2306494724,0.202886,0.2017359604,6.47889688,11373.73801,258.8346431,65.45394767,0.02275721868,0.005754831667
2022-12-13,2022-12-14,2023-01-20,SPXW230120C03640000,SPXW230120C04600000,4019.65,0.2001623629,1,-0.5662081387,1.623742304,0.001512612552,0.251995,0.2558627046,0.181116,0.1765679546,4.733009668,41652.46359,64.4575972,-361.5375478,0.001547509839,-0.008679859885
2022-12-14,2022-12-15,2023-01-20,SPXW230120C03640000,SPXW230120C04500000,3995.32,0.1878286944,1,-0.5967891444,1.605633449,0.001570573092,0.237111,0.2413180135,0.164715,0.1610110895,3.987685812,39333.5223,-733.1768562,-1157.961358,-0.01864000002,-0.02943955411
2022-12-15,2022-12-16,2023-01-20,SPXW230120C03640000,SPXW230120C04450000,3895.75,0.1990609334,1,-0.5868454248,1.864354203,0.002124922244,0.236516,0.2445001846,0.182976,0.1757811317,7.036910326,30221.28331,-879.5089583,-1310.062613,-0.02910230348,-0.04334900672
2022-12-16,2022-12-19,2023-01-20,SPXW230120C03400000,SPXW230120C04375000,3852.36,0.2021019361,1,-0.5911737292,1.822633558,0.002612587824,0.269732,0.2807892171,0.183305,0.1761578269,3.137154747,47087.92991,-289.2682021,-708.4826365,-0.006143149692,-0.01504594995
2022-12-19,2022-12-20,2023-01-20,SPXW230120C03640000,SPXW230120C04330000,3817.66,0.204098806,1,-0.548461121,1.922507201,0.00169627023,0.228678,0.2355718667,0.189549,0.1848827364,7.92511159,22806.76227,202.6411146,-181.6100013,0.008885132934,-0.007962989183
2022-12-20,2022-12-21,2023-01-20,SPXW230120C03640000,SPXW230120C04300000,3821.62,0.1978590225,1,-0.5375261658,1.958197739,0.001835127055,0.22413,0.2311756496,0.185019,0.1800902659,6.363312999,23203.13897,377.8638522,-22.58584283,0.01628503163,-0.0009733960071
2022-12-21,2022-12-22,2023-01-27,SPXW230127C03800000,SPXW230127C04400000,3875.76,0.1875642285,1,-0.5468127761,1.955936482,0.001115997888,0.201548,0.2039314451,0.174849,0.1730413428,9.706663828,16221.99968,-254.0074391,-469.6073965,-0.01565820762,-0.02894879828
2022-12-22,2022-12-23,2023-01-27,SPXW230127C03800000,SPXW230127C04300000,3822.39,0.2037221769,1,-0.5747106507,2.054703643,0.0009268514519,0.210517,0.2118971428,0.182268,0.1809798845,6.786351575,13297.27031,225.8946465,37.13349389,0.0169880465,0.002792565167
2022-12-23,2022-12-27,2023-01-31,SPXW230131C03820000,SPXW230131C04375000,3844.82,0.1941098836,1,-0.6040451187,2.017277016,0.0008392904099,0.200798,0.2020923424,0.173194,0.1714930308,11.01382154,13111.45126,-315.8528529,-470.9910683,-0.02408984685,-0.03592211563
2022-12-27,2022-12-28,2023-01-31,SPXW230131C03700000,SPXW230131C04350000,3829.25,0.1990554807,1,-0.557984603,1.908742074,0.001681935512,0.219298,0.223279622,0.183077,0.1796167494,8.597480474,19860.20396,-377.4021939,-786.364401,-0.01900293646,-0.03959498114
2022-12-28,2022-12-29,2023-01-31,SPXW230131C03820000,SPXW230131C03930000,3783.22,0.2088519448,1,-0.598688863,2.159893164,0.0005879120459,0.205725,0.2067759212,0.192014,0.1910962,1.171783025,12776.21115,-26.28848804,-118.159809,-0.002057612208,-0.009248423308
2022-12-29,2022-12-30,2023-01-31,SPXW230131C03800000,SPXW230131C04350000,3849.28,0.1977986206,1,-0.5887177742,2.129929053,0.001267783221,0.206475,0.2100077324,0.17907,0.1766434666,10.77021586,13747.02159,129.810394,-49.81730427,0.009442801348,-0.003623861646
